metric,lut_a,lut_b,distance
euclidean,base,base,0.0
euclidean,base,cluster_0,0.9404794573783875
euclidean,base,cluster_1,1.052980661392212
euclidean,base,cluster_2,1.0952192544937134
euclidean,base,cluster_3,1.0738364458084106
euclidean,base,cluster_4,0.8005567789077759
euclidean,base,cluster_5,1.1067168712615967
euclidean,base,cluster_6,1.0235439538955688
euclidean,base,cluster_7,1.066514492034912
euclidean,cluster_0,base,0.9404794573783875
euclidean,cluster_0,cluster_0,0.0
euclidean,cluster_0,cluster_1,0.2656344771385193
euclidean,cluster_0,cluster_2,0.30382487177848816
euclidean,cluster_0,cluster_3,0.2670382261276245
euclidean,cluster_0,cluster_4,0.4126259386539459
euclidean,cluster_0,cluster_5,0.3330787718296051
euclidean,cluster_0,cluster_6,0.2256430685520172
euclidean,cluster_0,cluster_7,0.23008501529693604
euclidean,cluster_1,base,1.052980661392212
euclidean,cluster_1,cluster_0,0.2656344771385193
euclidean,cluster_1,cluster_1,0.0
euclidean,cluster_1,cluster_2,0.11393515020608902
euclidean,cluster_1,cluster_3,0.07194066792726517
euclidean,cluster_1,cluster_4,0.46238166093826294
euclidean,cluster_1,cluster_5,0.14528264105319977
euclidean,cluster_1,cluster_6,0.04809730872511864
euclidean,cluster_1,cluster_7,0.1642204225063324
euclidean,cluster_2,base,1.0952192544937134
euclidean,cluster_2,cluster_0,0.30382487177848816
euclidean,cluster_2,cluster_1,0.11393515020608902
euclidean,cluster_2,cluster_2,0.0
euclidean,cluster_2,cluster_3,0.050353653728961945
euclidean,cluster_2,cluster_4,0.4246961176395416
euclidean,cluster_2,cluster_5,0.03591014817357063
euclidean,cluster_2,cluster_6,0.11322910338640213
euclidean,cluster_2,cluster_7,0.10719303041696548
euclidean,cluster_3,base,1.0738364458084106
euclidean,cluster_3,cluster_0,0.2670382261276245
euclidean,cluster_3,cluster_1,0.07194066792726517
euclidean,cluster_3,cluster_2,0.050353653728961945
euclidean,cluster_3,cluster_3,0.0
euclidean,cluster_3,cluster_4,0.4319351315498352
euclidean,cluster_3,cluster_5,0.08513816446065903
euclidean,cluster_3,cluster_6,0.0685986652970314
euclidean,cluster_3,cluster_7,0.10291179269552231
euclidean,cluster_4,base,0.8005567789077759
euclidean,cluster_4,cluster_0,0.4126259386539459
euclidean,cluster_4,cluster_1,0.46238166093826294
euclidean,cluster_4,cluster_2,0.4246961176395416
euclidean,cluster_4,cluster_3,0.4319351315498352
euclidean,cluster_4,cluster_4,0.0
euclidean,cluster_4,cluster_5,0.42000335454940796
euclidean,cluster_4,cluster_6,0.42401108145713806
euclidean,cluster_4,cluster_7,0.3848530948162079
euclidean,cluster_5,base,1.1067168712615967
euclidean,cluster_5,cluster_0,0.3330787718296051
euclidean,cluster_5,cluster_1,0.14528264105319977
euclidean,cluster_5,cluster_2,0.03591014817357063
euclidean,cluster_5,cluster_3,0.08513816446065903
euclidean,cluster_5,cluster_4,0.42000335454940796
euclidean,cluster_5,cluster_5,0.0
euclidean,cluster_5,cluster_6,0.14601102471351624
euclidean,cluster_5,cluster_7,0.12480925768613815
euclidean,cluster_6,base,1.0235439538955688
euclidean,cluster_6,cluster_0,0.2256430685520172
euclidean,cluster_6,cluster_1,0.04809730872511864
euclidean,cluster_6,cluster_2,0.11322910338640213
euclidean,cluster_6,cluster_3,0.0685986652970314
euclidean,cluster_6,cluster_4,0.42401108145713806
euclidean,cluster_6,cluster_5,0.14601102471351624
euclidean,cluster_6,cluster_6,0.0
euclidean,cluster_6,cluster_7,0.1350235641002655
euclidean,cluster_7,base,1.066514492034912
euclidean,cluster_7,cluster_0,0.23008501529693604
euclidean,cluster_7,cluster_1,0.1642204225063324
euclidean,cluster_7,cluster_2,0.10719303041696548
euclidean,cluster_7,cluster_3,0.10291179269552231
euclidean,cluster_7,cluster_4,0.3848530948162079
euclidean,cluster_7,cluster_5,0.12480925768613815
euclidean,cluster_7,cluster_6,0.1350235641002655
euclidean,cluster_7,cluster_7,0.0
manhattan,base,base,0.0
manhattan,base,cluster_0,91.33174005150795
manhattan,base,cluster_1,107.59676962345839
manhattan,base,cluster_2,108.13104418292642
manhattan,base,cluster_3,107.31427352130413
manhattan,base,cluster_4,64.44194499775767
manhattan,base,cluster_5,108.23233279213309
manhattan,base,cluster_6,103.71422993391752
manhattan,base,cluster_7,102.88895337283611
manhattan,cluster_0,base,91.33174005150795
manhattan,cluster_0,cluster_0,0.0
manhattan,cluster_0,cluster_1,25.275474168360233
manhattan,cluster_0,cluster_2,31.705303478986025
manhattan,cluster_0,cluster_3,27.34841663390398
manhattan,cluster_0,cluster_4,33.63250685110688
manhattan,cluster_0,cluster_5,35.022792514413595
manhattan,cluster_0,cluster_6,22.47628203779459
manhattan,cluster_0,cluster_7,22.927511997520924
manhattan,cluster_1,base,107.59676962345839
manhattan,cluster_1,cluster_0,25.275474168360233
manhattan,cluster_1,cluster_1,0.0
manhattan,cluster_1,cluster_2,11.221898395568132
manhattan,cluster_1,cluster_3,7.047761373221874
manhattan,cluster_1,cluster_4,43.15482462570071
manhattan,cluster_1,cluster_5,14.095073517411947
manhattan,cluster_1,cluster_6,3.962547518312931
manhattan,cluster_1,cluster_7,14.750106021761894
manhattan,cluster_2,base,108.13104418292642
manhattan,cluster_2,cluster_0,31.705303478986025
manhattan,cluster_2,cluster_1,11.221898395568132
manhattan,cluster_2,cluster_2,0.0
manhattan,cluster_2,cluster_3,4.670761596411467
manhattan,cluster_2,cluster_4,43.68909918516874
manhattan,cluster_2,cluster_5,3.3174890354275703
manhattan,cluster_2,cluster_6,9.239860650151968
manhattan,cluster_2,cluster_7,8.777791481465101
manhattan,cluster_3,base,107.31427352130413
manhattan,cluster_3,cluster_0,27.34841663390398
manhattan,cluster_3,cluster_1,7.047761373221874
manhattan,cluster_3,cluster_2,4.670761596411467
manhattan,cluster_3,cluster_3,0.0
manhattan,cluster_3,cluster_4,42.87232852354646
manhattan,cluster_3,cluster_5,7.795700196176767
manhattan,cluster_3,cluster_6,5.2855256870388985
manhattan,cluster_3,cluster_7,7.747823469340801
manhattan,cluster_4,base,64.44194499775767
manhattan,cluster_4,cluster_0,33.63250685110688
manhattan,cluster_4,cluster_1,43.15482462570071
manhattan,cluster_4,cluster_2,43.68909918516874
manhattan,cluster_4,cluster_3,42.87232852354646
manhattan,cluster_4,cluster_4,0.0
manhattan,cluster_4,cluster_5,43.79038779437542
manhattan,cluster_4,cluster_6,39.27228493615985
manhattan,cluster_4,cluster_7,38.44700837507844
manhattan,cluster_5,base,108.23233279213309
manhattan,cluster_5,cluster_0,35.022792514413595
manhattan,cluster_5,cluster_1,14.095073517411947
manhattan,cluster_5,cluster_2,3.3174890354275703
manhattan,cluster_5,cluster_3,7.795700196176767
manhattan,cluster_5,cluster_4,43.79038779437542
manhattan,cluster_5,cluster_5,0.0
manhattan,cluster_5,cluster_6,12.546510476619005
manhattan,cluster_5,cluster_7,12.095280516892672
manhattan,cluster_6,base,103.71422993391752
manhattan,cluster_6,cluster_0,22.47628203779459
manhattan,cluster_6,cluster_1,3.962547518312931
manhattan,cluster_6,cluster_2,9.239860650151968
manhattan,cluster_6,cluster_3,5.2855256870388985
manhattan,cluster_6,cluster_4,39.27228493615985
manhattan,cluster_6,cluster_5,12.546510476619005
manhattan,cluster_6,cluster_6,0.0
manhattan,cluster_6,cluster_7,12.037802286446095
manhattan,cluster_7,base,102.88895337283611
manhattan,cluster_7,cluster_0,22.927511997520924
manhattan,cluster_7,cluster_1,14.750106021761894
manhattan,cluster_7,cluster_2,8.777791481465101
manhattan,cluster_7,cluster_3,7.747823469340801
manhattan,cluster_7,cluster_4,38.44700837507844
manhattan,cluster_7,cluster_5,12.095280516892672
manhattan,cluster_7,cluster_6,12.037802286446095
manhattan,cluster_7,cluster_7,0.0
cosine,base,base,0.0
cosine,base,cluster_0,4.267692565917969e-05
cosine,base,cluster_1,4.3392181396484375e-05
cosine,base,cluster_2,5.459785461425781e-05
cosine,base,cluster_3,4.982948303222656e-05
cosine,base,cluster_4,4.780292510986328e-05
cosine,base,cluster_5,5.7816505432128906e-05
cosine,base,cluster_6,4.297494888305664e-05
cosine,base,cluster_7,5.5909156799316406e-05
cosine,cluster_0,base,4.267692565917969e-05
cosine,cluster_0,cluster_0,0.0
cosine,cluster_0,cluster_1,6.9141387939453125e-06
cosine,cluster_0,cluster_2,1.0013580322265625e-05
cosine,cluster_0,cluster_3,7.212162017822266e-06
cosine,cluster_0,cluster_4,1.5974044799804688e-05
cosine,cluster_0,cluster_5,1.233816146850586e-05
cosine,cluster_0,cluster_6,5.364418029785156e-06
cosine,cluster_0,cluster_7,5.900859832763672e-06
cosine,cluster_1,base,4.3392181396484375e-05
cosine,cluster_1,cluster_0,6.9141387939453125e-06
cosine,cluster_1,cluster_1,0.0
cosine,cluster_1,cluster_2,1.6689300537109375e-06
cosine,cluster_1,cluster_3,4.76837158203125e-07
cosine,cluster_1,cluster_4,1.1324882507324219e-05
cosine,cluster_1,cluster_5,2.7418136596679688e-06
cosine,cluster_1,cluster_6,5.960464477539063e-08
cosine,cluster_1,cluster_7,3.3974647521972656e-06
cosine,cluster_2,base,5.459785461425781e-05
cosine,cluster_2,cluster_0,1.0013580322265625e-05
cosine,cluster_2,cluster_1,1.6689300537109375e-06
cosine,cluster_2,cluster_2,0.0
cosine,cluster_2,cluster_3,2.384185791015625e-07
cosine,cluster_2,cluster_4,6.556510925292969e-06
cosine,cluster_2,cluster_5,3.5762786865234375e-07
cosine,cluster_2,cluster_6,1.430511474609375e-06
cosine,cluster_2,cluster_7,1.3709068298339844e-06
cosine,cluster_3,base,4.982948303222656e-05
cosine,cluster_3,cluster_0,7.212162017822266e-06
cosine,cluster_3,cluster_1,4.76837158203125e-07
cosine,cluster_3,cluster_2,2.384185791015625e-07
cosine,cluster_3,cluster_3,0.0
cosine,cluster_3,cluster_4,7.808208465576172e-06
cosine,cluster_3,cluster_5,7.748603820800781e-07
cosine,cluster_3,cluster_6,4.76837158203125e-07
cosine,cluster_3,cluster_7,1.1920928955078125e-06
cosine,cluster_4,base,4.780292510986328e-05
cosine,cluster_4,cluster_0,1.5974044799804688e-05
cosine,cluster_4,cluster_1,1.1324882507324219e-05
cosine,cluster_4,cluster_2,6.556510925292969e-06
cosine,cluster_4,cluster_3,7.808208465576172e-06
cosine,cluster_4,cluster_4,0.0
cosine,cluster_4,cluster_5,5.781650543212891e-06
cosine,cluster_4,cluster_6,9.715557098388672e-06
cosine,cluster_4,cluster_7,6.020069122314453e-06
cosine,cluster_5,base,5.7816505432128906e-05
cosine,cluster_5,cluster_0,1.233816146850586e-05
cosine,cluster_5,cluster_1,2.7418136596679688e-06
cosine,cluster_5,cluster_2,3.5762786865234375e-07
cosine,cluster_5,cluster_3,7.748603820800781e-07
cosine,cluster_5,cluster_4,5.781650543212891e-06
cosine,cluster_5,cluster_5,0.0
cosine,cluster_5,cluster_6,2.5033950805664062e-06
cosine,cluster_5,cluster_7,1.9669532775878906e-06
cosine,cluster_6,base,4.297494888305664e-05
cosine,cluster_6,cluster_0,5.364418029785156e-06
cosine,cluster_6,cluster_1,5.960464477539063e-08
cosine,cluster_6,cluster_2,1.430511474609375e-06
cosine,cluster_6,cluster_3,4.76837158203125e-07
cosine,cluster_6,cluster_4,9.715557098388672e-06
cosine,cluster_6,cluster_5,2.5033950805664062e-06
cosine,cluster_6,cluster_6,0.0
cosine,cluster_6,cluster_7,2.384185791015625e-06
cosine,cluster_7,base,5.5909156799316406e-05
cosine,cluster_7,cluster_0,5.900859832763672e-06
cosine,cluster_7,cluster_1,3.3974647521972656e-06
cosine,cluster_7,cluster_2,1.3709068298339844e-06
cosine,cluster_7,cluster_3,1.1920928955078125e-06
cosine,cluster_7,cluster_4,6.020069122314453e-06
cosine,cluster_7,cluster_5,1.9669532775878906e-06
cosine,cluster_7,cluster_6,2.384185791015625e-06
cosine,cluster_7,cluster_7,0.0
